"Metric","Value"
"Mean",8.08727272727273
"SD",1.94308408402101
"N",55
"Lower_CI",7.57374213456975
"Upper_CI",8.60080331997571
